city,state,latitude,longitude,temp,humidity,rain,pressure,uv_index,wind_gusts,aqi,pm10,pm2_5,no2,co,o3,so2,mosquito_risk,arthritis_risk,migraine_risk,frizz_risk,updated_at
Delhi,Delhi,28.6139,77.209,26.5,74,0.0,985.8,5.95,25.6,165,350.2,109.0,63.9,1302.0,30.0,27.3,7,5,3,1,2026-10-04T02:15:33.876959+05:30
Mumbai,Maharashtra,19.076,72.8777,27.4,54,0.0,1012.0,7.45,39.2,125,39.0,38.5,23.5,680.0,126.0,25.7,4,0,4,1,2026-10-04T02:15:33.877009+05:30
Bangalore,Karnataka,12.9716,77.5946,21.3,79,0.0,914.9,8.7,31.3,87,29.5,25.1,16.9,379.0,61.0,9.0,3,5,7,1,2026-10-04T02:15:33.877025+05:30
Hyderabad,Telangana,17.385,78.4867,25.9,65,0.0,957.7,8.3,26.3,124,58.7,44.1,13.7,482.0,70.0,10.0,7,5,7,1,2026-10-04T02:15:33.877035+05:30
Chennai,Tamil Nadu,13.0827,80.2707,29.2,67,0.0,1011.6,8.6,38.2,81,21.5,14.8,8.7,153.0,50.0,5.3,7,0,4,1,2026-10-04T02:15:33.877044+05:30
Kolkata,West Bengal,22.5726,88.3639,27.1,86,0.0,1009.7,7.4,22.3,162,77.5,66.8,10.6,443.0,70.0,12.4,7,0,4,1,2026-10-04T02:15:33.877053+05:30
Pune,Maharashtra,18.5204,73.8567,24.0,63,0.0,951.6,7.9,34.9,83,34.0,32.0,39.5,415.0,36.0,19.4,3,5,7,1,2026-10-04T02:15:33.877060+05:30
Ahmedabad,Gujarat,23.0225,72.5714,28.0,49,0.0,1007.0,7.25,28.4,69,21.6,18.5,34.4,330.0,35.0,7.2,4,5,4,1,2026-10-04T02:15:33.877067+05:30
Jaipur,Rajasthan,26.9124,75.7873,27.6,39,0.0,963.3,6.75,39.2,74,24.5,16.1,10.7,190.0,80.0,6.2,4,5,7,0,2026-10-04T02:15:33.877075+05:30
Lucknow,Uttar Pradesh,26.8467,80.9462,25.0,86,0.0,996.3,6.35,18.4,156,122.5,70.5,33.8,406.0,39.0,15.6,7,5,7,1,2026-10-04T02:15:33.877083+05:30
Kanpur,Uttar Pradesh,26.4499,80.3319,25.4,77,0.0,994.7,6.4,22.3,144,74.7,42.7,29.6,228.0,40.0,11.7,7,5,7,1,2026-10-04T02:15:33.877090+05:30
Chandigarh,Chandigarh,30.7333,76.7794,23.3,81,0.0,970.9,5.9,18.7,136,70.3,61.5,30.4,651.0,61.0,14.3,3,5,3,1,2026-10-04T02:15:33.877102+05:30
Srinagar,Jammu and Kashmir,34.0837,74.7973,14.1,77,0.0,843.5,6.85,17.6,100,56.2,51.2,47.7,634.0,9.0,5.8,3,5,7,0,2026-10-04T02:15:33.877110+05:30
Jammu,Jammu and Kashmir,32.7266,74.857,24.9,68,0.0,975.6,6.5,23.0,147,71.0,63.8,48.5,666.0,13.0,5.3,3,5,7,1,2026-10-04T02:15:33.877116+05:30
Amritsar,Punjab,31.634,74.8723,25.7,79,0.0,983.4,6.5,15.1,179,131.3,114.3,73.2,1441.0,18.0,17.2,7,5,7,1,2026-10-04T02:15:33.877126+05:30
Ludhiana,Punjab,30.901,75.8573,25.7,85,0.0,981.3,6.15,19.4,164,138.8,108.3,56.5,1577.0,49.0,16.5,7,5,7,1,2026-10-04T02:15:33.877133+05:30
Jalandhar,Punjab,31.326,75.5762,24.6,86,0.0,982.3,6.3,13.0,171,143.9,113.2,64.8,1296.0,49.0,17.5,3,5,7,1,2026-10-04T02:15:33.877140+05:30
Dehradun,Uttarakhand,30.6284,78.0322,13.8,100,0.0,831.6,6.25,26.6,65,26.5,23.5,30.6,355.0,26.0,2.2,3,10,7,0,2026-10-04T02:15:33.877147+05:30
Shimla,Himachal Pradesh,31.1048,77.1734,10.1,97,0.0,784.0,6.3,35.6,89,59.6,44.8,21.7,389.0,104.0,10.0,3,10,7,0,2026-10-04T02:15:33.877154+05:30
Manali,Himachal Pradesh,32.2396,77.1887,11.4,66,0.0,818.0,7.3,34.9,46,21.0,13.6,61.0,294.0,26.0,1.2,3,5,7,0,2026-10-04T02:15:33.877161+05:30
Gurgaon,Haryana,28.4595,77.0266,25.8,69,0.0,984.2,6.1,32.4,173,308.3,110.6,90.9,1144.0,4.0,29.1,7,5,7,1,2026-10-04T02:15:33.877168+05:30
Noida,Uttar Pradesh,28.5355,77.391,24.5,81,0.0,987.1,6.0,19.8,173,308.3,110.6,90.9,1549.0,4.0,29.1,3,5,3,1,2026-10-04T02:15:33.877180+05:30
Ghaziabad,Uttar Pradesh,28.6692,77.4538,23.7,88,0.0,985.4,5.95,18.0,164,285.9,96.9,40.3,1180.0,46.0,23.5,3,5,3,1,2026-10-04T02:15:33.877187+05:30
Faridabad,Haryana,28.4089,77.3178,25.9,78,0.0,986.5,6.0,24.5,173,308.3,110.6,90.9,1390.0,4.0,29.1,7,5,3,1,2026-10-04T02:15:33.877193+05:30
Meerut,Uttar Pradesh,28.9845,77.7064,24.6,88,0.0,984.1,5.8,16.6,164,285.9,96.9,40.3,455.0,46.0,23.5,3,5,3,1,2026-10-04T02:15:33.877200+05:30
Agra,Uttar Pradesh,27.1767,78.0081,25.2,59,0.0,990.6,6.35,32.0,163,124.3,46.9,41.9,275.0,21.0,8.4,4,5,7,1,2026-10-04T02:15:33.877207+05:30
Varanasi,Uttar Pradesh,25.3176,82.9739,24.3,80,0.0,1001.0,7.0,21.6,130,48.8,30.2,14.4,355.0,56.0,9.3,3,5,4,1,2026-10-04T02:15:33.877213+05:30
Prayagraj,Uttar Pradesh,25.4358,81.8463,24.5,84,0.0,999.5,6.9,27.0,133,48.1,32.8,23.2,190.0,36.0,9.2,3,5,7,1,2026-10-04T02:15:33.877220+05:30
Gorakhpur,Uttar Pradesh,26.7606,83.3732,25.1,87,0.0,1000.2,6.75,21.2,157,87.3,73.8,28.7,491.0,27.0,11.6,7,5,4,1,2026-10-04T02:15:33.877227+05:30
Bareilly,Uttar Pradesh,28.367,79.4304,23.8,95,0.0,989.3,6.1,17.6,170,152.7,118.0,50.1,540.0,46.0,23.7,3,5,7,1,2026-10-04T02:15:33.877233+05:30
Aligarh,Uttar Pradesh,27.8974,78.088,24.8,83,0.0,988.1,6.1,26.3,167,212.8,92.0,56.9,712.0,16.0,18.3,3,5,7,1,2026-10-04T02:15:33.877241+05:30
Moradabad,Uttar Pradesh,28.8386,78.7733,24.0,93,0.0,986.1,5.95,18.0,179,174.6,153.2,80.6,718.0,16.0,29.0,3,5,3,1,2026-10-04T02:15:33.877250+05:30
Saharanpur,Uttar Pradesh,29.9637,77.546,23.6,88,0.0,978.1,5.6,13.0,173,246.8,119.7,49.4,694.0,55.0,27.6,3,5,3,1,2026-10-04T02:15:33.877256+05:30
Jhansi,Uttar Pradesh,25.4484,78.5685,25.6,54,0.0,981.2,6.95,30.2,56,19.2,14.3,8.5,169.0,92.0,13.8,4,5,7,0,2026-10-04T02:15:37.195298+05:30
Surat,Gujarat,21.1702,72.8311,26.6,54,0.0,1010.9,7.25,31.0,99,37.3,36.0,52.5,423.0,57.0,73.6,4,0,4,1,2026-10-04T02:15:37.195334+05:30
Vadodara,Gujarat,22.3072,73.1812,28.2,40,0.0,1008.8,7.3,27.0,89,34.9,32.8,50.5,1046.0,42.0,17.0,4,0,4,0,2026-10-04T02:15:37.195347+05:30
Rajkot,Gujarat,22.3039,70.8022,25.3,72,0.0,999.4,7.25,32.0,60,16.1,10.5,12.5,173.0,42.0,4.3,7,5,7,1,2026-10-04T02:15:37.195358+05:30
Thane,Maharashtra,19.2183,72.9781,23.6,86,0.0,1011.5,7.45,24.5,125,39.0,38.5,23.5,526.0,126.0,25.7,3,0,4,1,2026-10-04T02:15:37.195368+05:30
Nagpur,Maharashtra,21.1458,79.0882,27.2,56,0.0,977.9,7.75,28.4,127,70.1,51.9,39.8,312.0,33.0,20.7,4,5,7,1,2026-10-04T02:15:37.195377+05:30
Nashik,Maharashtra,19.9975,73.7898,22.3,62,0.0,948.9,7.65,35.3,55,20.7,20.3,19.4,256.0,84.0,15.2,3,5,7,0,2026-10-04T02:15:37.195386+05:30
Aurangabad,Maharashtra,19.8762,75.3433,25.1,45,0.0,948.1,8.0,30.2,67,32.5,30.6,25.8,205.0,63.0,10.5,4,5,7,0,2026-10-04T02:15:37.195396+05:30
Solapur,Maharashtra,17.6599,75.9064,25.4,61,0.0,961.1,8.2,25.6,93,34.3,26.8,14.5,246.0,58.0,6.4,7,5,7,1,2026-10-04T02:15:37.195406+05:30
Kolhapur,Maharashtra,16.705,74.2433,22.6,80,0.0,951.0,8.3,23.8,106,47.3,37.7,12.3,265.0,66.0,7.4,3,5,7,1,2026-10-04T02:15:37.195416+05:30
Goa,Goa,15.2993,74.124,25.9,89,0.0,1001.2,8.3,29.9,119,56.6,43.8,4.9,344.0,115.0,4.2,7,5,4,1,2026-10-04T02:15:37.195425+05:30
Jodhpur,Rajasthan,26.2389,73.0243,28.1,40,0.0,987.3,6.9,42.1,58,7.3,5.5,6.4,145.0,65.0,1.9,4,5,7,0,2026-10-04T02:15:37.195434+05:30
Udaipur,Rajasthan,24.5854,73.7125,25.7,45,0.0,951.0,7.5,31.7,46,11.8,8.7,11.5,139.0,58.0,3.5,4,5,7,0,2026-10-04T02:15:37.195444+05:30
Kota,Rajasthan,25.2138,75.8648,25.9,51,0.0,983.0,7.05,26.6,71,20.6,16.5,19.1,205.0,58.0,6.2,4,5,7,0,2026-10-04T02:15:37.195453+05:30
Bikaner,Rajasthan,28.0229,73.3119,29.2,30,0.0,985.0,6.6,39.2,71,44.4,18.4,2.5,126.0,87.0,4.9,4,5,7,0,2026-10-04T02:15:37.195461+05:30
Ajmer,Rajasthan,26.4499,74.6399,25.7,46,0.0,958.9,6.95,43.6,65,20.9,13.5,9.1,176.0,76.0,5.1,4,5,7,0,2026-10-04T02:15:37.195468+05:30
Gwalior,Madhya Pradesh,26.2183,78.1828,26.7,49,0.0,986.1,6.65,33.8,62,19.9,13.4,9.3,145.0,75.0,6.1,4,5,7,0,2026-10-04T02:15:37.195476+05:30
Indore,Madhya Pradesh,22.7196,75.8577,25.1,50,0.0,952.3,7.55,27.7,74,31.1,27.9,36.7,575.0,50.0,9.9,4,5,7,0,2026-10-04T02:15:37.195483+05:30
Bhopal,Madhya Pradesh,23.2599,77.4126,24.4,52,0.0,957.8,7.45,26.6,74,26.7,22.5,25.6,486.0,52.0,7.9,0,5,7,0,2026-10-04T02:15:37.195490+05:30
Jabalpur,Madhya Pradesh,23.1815,79.9864,22.1,61,0.0,965.3,7.45,23.0,79,21.0,15.0,7.7,199.0,74.0,4.9,3,5,7,0,2026-10-04T02:15:37.195498+05:30
Ujjain,Madhya Pradesh,23.1765,75.7885,23.3,58,0.0,958.0,7.45,24.5,82,43.0,38.1,36.8,367.0,50.0,9.7,0,5,7,0,2026-10-04T02:15:37.195506+05:30
Visakhapatnam,Andhra Pradesh,17.6868,83.2185,26.7,89,0.0,1008.2,8.3,24.5,154,42.1,35.9,34.2,445.0,38.0,43.8,7,0,4,1,2026-10-04T02:15:37.195513+05:30
Vijayawada,Andhra Pradesh,16.5062,80.648,27.0,90,0.0,1007.3,8.4,24.8,119,41.4,38.3,14.0,350.0,32.0,8.3,7,5,4,1,2026-10-04T02:15:37.195521+05:30
Guntur,Andhra Pradesh,16.3067,80.4365,26.9,90,0.0,1008.5,8.4,28.8,117,36.6,33.6,12.4,254.0,39.0,8.1,7,0,4,1,2026-10-04T02:15:37.195529+05:30
Nellore,Andhra Pradesh,14.4426,79.9865,27.6,79,0.0,1010.5,8.6,30.6,85,24.4,17.1,6.9,175.0,51.0,8.0,7,0,4,1,2026-10-04T02:15:37.195537+05:30
Kurnool,Andhra Pradesh,15.8281,78.0373,27.3,66,0.0,981.4,8.4,32.4,110,44.7,36.6,5.5,235.0,72.0,4.9,7,5,7,1,2026-10-04T02:15:37.195545+05:30
Kakinada,Andhra Pradesh,16.9891,82.2475,26.5,97,0.0,1012.1,8.3,24.8,92,26.4,20.8,5.3,555.0,63.0,5.0,7,0,4,1,2026-10-04T02:15:37.195552+05:30
Tirupati,Andhra Pradesh,13.6288,79.4192,25.6,87,0.0,995.9,8.7,21.6,106,43.1,37.0,23.2,288.0,26.0,10.9,7,5,7,1,2026-10-04T02:15:37.195560+05:30
Warangal,Telangana,17.9689,79.5941,25.1,84,0.0,983.1,8.15,24.5,150,73.3,54.7,14.9,649.0,62.0,11.8,7,5,7,1,2026-10-04T02:15:37.195567+05:30
Nizamabad,Telangana,18.6725,78.0941,24.1,69,0.0,969.0,8.05,23.0,104,60.8,39.6,13.5,264.0,56.0,7.9,3,5,7,1,2026-10-04T02:15:37.195574+05:30
Mysore,Karnataka,12.2958,76.6396,21.9,93,0.0,931.4,8.95,37.8,80,28.1,24.3,19.0,258.0,50.0,6.2,3,5,7,1,2026-10-04T02:15:37.195582+05:30
Mangalore,Karnataka,12.9141,74.856,25.5,95,0.0,1010.3,8.55,29.9,68,26.8,24.3,15.9,421.0,58.0,5.3,7,0,4,1,2026-10-04T02:15:37.195589+05:30
Hubli-Dharwad,Karnataka,15.3647,75.124,22.8,92,0.0,943.9,8.4,36.4,95,33.8,29.8,9.4,315.0,72.0,3.1,3,5,7,1,2026-10-04T02:15:37.195596+05:30
Belgaum,Karnataka,15.8497,74.4977,22.1,78,0.0,928.5,8.5,28.1,94,54.9,44.6,15.5,273.0,65.0,6.2,3,5,7,1,2026-10-04T02:15:40.516900+05:30
Coimbatore,Tamil Nadu,11.0168,76.9558,24.8,84,0.0,965.6,8.3,43.2,78,16.8,15.4,9.6,418.0,63.0,5.5,3,5,7,1,2026-10-04T02:15:40.516933+05:30
Madurai,Tamil Nadu,9.9252,78.1198,24.0,96,0.1,997.8,8.15,29.5,67,14.8,11.4,9.6,432.0,60.0,6.6,6,5,7,1,2026-10-04T02:15:40.516946+05:30
Trichy,Tamil Nadu,10.7905,78.7047,26.0,81,0.0,1004.3,8.8,30.6,71,18.7,14.9,13.0,344.0,33.0,5.1,7,5,4,1,2026-10-04T02:15:40.516955+05:30
Salem,Tamil Nadu,11.6643,78.146,26.0,77,0.0,981.6,8.2,26.6,91,34.5,28.6,20.0,289.0,54.0,11.4,7,5,7,1,2026-10-04T02:15:40.516965+05:30
Tirunelveli,Tamil Nadu,8.7139,77.7567,27.1,77,0.0,1007.6,8.4,39.2,65,22.8,20.1,12.1,291.0,57.0,3.8,7,5,4,1,2026-10-04T02:15:40.516974+05:30
Vellore,Tamil Nadu,12.9165,79.1325,25.2,82,0.0,989.1,8.75,26.6,96,42.7,34.8,30.9,237.0,11.0,5.2,7,5,7,1,2026-10-04T02:15:40.516982+05:30
Erode,Tamil Nadu,11.341,77.7172,26.5,76,0.0,993.7,8.35,35.6,79,27.9,22.3,15.8,256.0,51.0,4.3,7,5,7,1,2026-10-04T02:15:40.516990+05:30
Kochi,Kerala,9.9312,76.2673,26.2,91,0.1,1012.9,8.5,30.6,88,46.2,44.8,39.7,443.0,18.0,8.9,10,0,4,1,2026-10-04T02:15:40.516998+05:30
Thiruvananthapuram,Kerala,8.5241,76.9366,24.3,94,0.0,1012.1,8.2,32.4,80,27.0,20.5,6.4,369.0,100.0,5.5,3,0,4,1,2026-10-04T02:15:40.517006+05:30
Kozhikode,Kerala,11.2588,75.7804,25.1,98,0.0,1011.8,8.05,29.2,56,18.4,13.9,3.8,876.0,100.0,3.4,7,0,4,1,2026-10-04T02:15:40.517013+05:30
Thrissur,Kerala,10.5276,76.2144,26.8,81,0.0,1011.1,8.2,32.8,86,36.1,32.8,19.3,420.0,42.0,5.6,7,0,4,1,2026-10-04T02:15:40.517021+05:30
Kannur,Kerala,11.8745,75.3704,25.5,90,0.0,1010.8,8.2,28.8,56,22.1,20.6,19.1,635.0,41.0,3.7,7,0,4,1,2026-10-04T02:15:40.517028+05:30
Patna,Bihar,25.5941,85.1376,25.0,90,0.0,1004.0,7.15,19.1,155,80.8,61.2,18.8,529.0,59.0,13.8,7,5,4,1,2026-10-04T02:15:40.517036+05:30
Gaya,Bihar,24.7914,85.0002,23.9,89,0.0,997.6,7.2,20.5,152,70.3,49.8,12.0,447.0,71.0,11.6,3,5,7,1,2026-10-04T02:15:40.517043+05:30
Muzaffarpur,Bihar,26.1209,85.3647,24.7,97,0.0,1003.9,7.1,17.6,161,93.6,77.1,32.7,800.0,38.0,15.7,3,5,4,1,2026-10-04T02:15:40.517051+05:30
Bhagalpur,Bihar,25.2425,87.0117,25.7,90,0.0,1005.1,7.15,19.1,152,70.5,58.9,20.4,453.0,51.0,11.0,7,5,4,1,2026-10-04T02:15:40.517058+05:30
Ranchi,Jharkhand,23.3441,85.3096,20.9,81,0.0,941.1,7.8,23.0,123,74.5,44.5,13.8,254.0,81.0,13.0,3,5,7,1,2026-10-04T02:15:40.517066+05:30
Jamshedpur,Jharkhand,22.8046,86.2029,25.8,77,0.0,995.1,7.7,20.5,159,86.4,61.2,37.3,391.0,32.0,55.1,7,5,7,1,2026-10-04T02:15:40.517073+05:30
Dhanbad,Jharkhand,23.7957,86.4304,24.1,87,0.0,983.7,7.55,21.2,175,114.8,97.3,48.6,358.0,27.0,184.7,3,5,7,1,2026-10-04T02:15:40.517081+05:30
Bokaro,Jharkhand,23.6693,86.1511,24.4,86,0.0,987.9,7.6,19.1,170,111.8,92.0,43.0,492.0,29.0,183.1,3,5,7,1,2026-10-04T02:15:40.517088+05:30
Bhubaneswar,Odisha,20.2961,85.8245,25.8,90,0.0,1006.7,7.95,21.2,143,52.0,44.4,8.6,517.0,74.0,7.6,7,5,4,1,2026-10-04T02:15:40.517095+05:30
Cuttack,Odisha,20.4625,85.8828,26.1,89,0.0,1008.6,8.0,22.7,143,52.0,44.4,8.6,442.0,74.0,7.6,7,0,4,1,2026-10-04T02:15:40.517103+05:30
Rourkela,Odisha,22.2604,84.8536,23.5,86,0.0,989.4,7.6,20.2,146,75.7,48.1,17.9,447.0,64.0,13.1,3,5,7,1,2026-10-04T02:15:40.517110+05:30
Raipur,Chhattisgarh,21.2514,81.6296,23.1,87,0.0,979.0,7.8,17.6,164,87.1,65.7,44.2,342.0,34.0,51.5,3,5,7,1,2026-10-04T02:15:40.517117+05:30
Bhilai,Chhattisgarh,21.1938,81.3509,23.1,87,0.0,979.5,7.8,17.6,156,65.7,47.0,39.1,910.0,31.0,43.2,3,5,7,1,2026-10-04T02:15:40.517125+05:30
Guwahati,Assam,26.1158,91.7086,24.7,96,0.1,1005.9,7.15,27.7,155,87.3,76.1,14.2,440.0,35.0,7.3,6,5,4,1,2026-10-04T02:15:40.517132+05:30
Agartala,Tripura,23.8315,91.2868,24.9,96,0.0,1010.3,7.55,20.2,168,78.9,72.2,15.0,367.0,57.0,11.3,3,0,4,1,2026-10-04T02:15:40.517139+05:30
Shillong,Meghalaya,25.5788,91.8933,15.5,87,0.0,859.2,6.4,18.4,94,53.7,46.1,7.9,293.0,52.0,6.0,3,10,7,0,2026-10-04T02:15:40.517147+05:30
Imphal,Manipur,24.817,93.9368,20.4,92,0.0,927.4,7.8,23.4,86,42.3,40.6,14.2,536.0,31.0,2.7,3,5,7,1,2026-10-04T02:15:40.517154+05:30
Aizawl,Mizoram,23.7271,92.7176,18.8,99,0.1,896.0,7.8,18.7,74,22.8,21.0,5.6,310.0,33.0,2.0,6,10,7,1,2026-10-04T02:15:40.517162+05:30
Kohima,Nagaland,25.6701,94.1077,13.9,100,0.0,856.7,7.2,30.2,69,27.6,26.3,13.1,261.0,30.0,1.7,3,10,7,0,2026-10-04T02:15:40.517170+05:30
Gangtok,Sikkim,27.3314,88.6138,14.5,77,0.0,839.2,6.95,33.8,61,14.1,13.3,17.9,559.0,33.0,1.8,3,5,7,0,2026-10-04T02:15:40.517177+05:30
Siliguri,West Bengal,26.7271,88.3953,23.1,98,0.1,997.1,7.05,21.6,141,39.3,36.1,16.2,491.0,89.0,4.8,6,5,7,1,2026-10-04T02:15:43.842010+05:30
Durgapur,West Bengal,23.5204,87.3119,26.0,86,0.0,998.9,7.55,17.3,190,136.9,117.1,47.9,865.0,24.0,58.1,7,5,7,1,2026-10-04T02:15:43.842045+05:30
Asansol,West Bengal,23.6739,86.9524,25.1,82,0.0,997.6,7.55,18.4,167,85.9,69.8,39.8,663.0,28.0,36.8,7,5,7,1,2026-10-04T02:15:43.842058+05:30
Pondicherry,Puducherry,11.9139,79.8145,29.1,67,0.0,1012.8,8.7,38.9,67,17.8,11.4,1.1,248.0,57.0,1.1,7,0,4,1,2026-10-04T02:15:43.842066+05:30
Port Blair,Andaman and Nicobar Islands,11.6234,92.7265,24.8,98,0.0,1010.3,7.3,26.3,23,1.8,1.6,0.5,422.0,50.0,1.2,3,0,4,1,2026-10-04T02:15:43.842075+05:30
Haridwar,Uttarakhand,29.9457,78.1642,22.6,92,0.0,976.3,5.7,19.1,155,128.5,81.0,27.1,480.0,83.0,17.9,3,5,3,1,2026-10-04T02:15:43.842083+05:30
Rishikesh,Uttarakhand,30.0869,78.2676,20.4,96,0.0,968.9,5.8,23.4,125,81.5,62.4,19.7,459.0,85.0,11.4,3,5,3,1,2026-10-04T02:15:43.842092+05:30
Nainital,Uttarakhand,29.3919,79.4542,12.9,100,0.0,806.8,6.55,23.0,125,78.2,61.9,19.1,427.0,67.0,7.5,3,10,7,0,2026-10-04T02:15:43.842100+05:30
Mussoorie,Uttarakhand,30.4599,78.0664,13.5,98,0.0,804.0,6.1,33.1,121,91.0,64.7,28.8,395.0,93.0,15.5,3,10,7,0,2026-10-04T02:15:43.842108+05:30
Dharamshala,Himachal Pradesh,32.219,76.3234,19.2,82,0.0,872.0,6.4,29.9,66,28.1,22.2,11.0,330.0,44.0,0.9,3,10,7,1,2026-10-04T02:15:43.842116+05:30
Dalhousie,Himachal Pradesh,32.5387,75.971,11.0,95,0.0,804.3,6.6,24.5,103,62.9,52.6,42.7,482.0,40.0,4.3,3,10,7,0,2026-10-04T02:15:43.842124+05:30
Patiala,Punjab,30.3398,76.3869,24.1,88,0.0,980.7,5.75,16.2,177,199.3,115.0,59.5,670.0,38.0,19.2,3,5,3,1,2026-10-04T02:15:43.842132+05:30
Bhatinda,Punjab,30.211,74.9455,26.8,74,0.0,986.0,6.5,18.4,154,108.0,91.5,68.5,470.0,12.0,16.3,7,5,7,1,2026-10-04T02:15:43.842139+05:30
Rohtak,Haryana,28.8955,76.6066,24.7,83,0.0,984.4,6.0,23.4,166,395.8,116.4,81.8,740.0,6.0,16.9,3,5,3,1,2026-10-04T02:15:43.842147+05:30
Panipat,Haryana,29.3909,76.9635,24.9,84,0.0,983.0,5.75,14.8,184,353.9,111.5,62.7,674.0,19.0,12.6,3,5,3,1,2026-10-04T02:15:43.842154+05:30
Mathura,Uttar Pradesh,27.4924,77.6737,25.9,71,0.0,989.5,6.25,27.0,159,121.5,61.2,67.2,334.0,0.0,9.2,7,5,7,1,2026-10-04T02:15:43.842162+05:30
Vrindavan,Uttar Pradesh,27.5823,77.7027,25.7,72,0.0,989.9,6.2,27.4,159,121.5,61.2,67.2,280.0,0.0,9.2,7,5,7,1,2026-10-04T02:15:43.842169+05:30
Ayodhya,Uttar Pradesh,26.7922,82.1998,25.4,87,0.0,998.2,6.5,17.3,158,99.7,63.1,20.9,408.0,45.0,11.4,7,5,7,1,2026-10-04T02:15:43.842176+05:30
Ratlam,Madhya Pradesh,23.3315,75.0367,22.9,62,0.0,958.8,7.35,22.7,75,40.2,35.3,31.5,200.0,45.0,9.0,3,5,7,0,2026-10-04T02:15:43.842183+05:30
Sagar,Madhya Pradesh,23.8388,78.7378,22.1,56,0.0,953.7,7.4,29.9,66,15.1,11.9,8.8,155.0,76.0,4.3,0,5,7,0,2026-10-04T02:15:43.842190+05:30
Satna,Madhya Pradesh,24.6005,80.8322,23.3,60,0.0,974.9,7.35,34.6,77,20.1,14.3,7.7,164.0,78.0,6.6,0,5,7,0,2026-10-04T02:15:43.842197+05:30
Akola,Maharashtra,20.7002,77.0082,24.8,62,0.0,979.5,7.8,22.0,89,50.4,40.4,45.8,395.0,26.0,10.9,3,5,7,1,2026-10-04T02:15:43.842205+05:30
Amravati,Maharashtra,20.9374,77.7796,26.7,51,0.0,971.9,7.8,28.4,97,62.6,48.0,46.9,229.0,29.0,13.2,4,5,7,0,2026-10-04T02:15:43.842213+05:30
Latur,Maharashtra,18.4088,76.5604,23.1,70,0.0,943.4,8.1,20.9,93,46.1,31.1,13.0,340.0,67.0,8.2,3,5,7,1,2026-10-04T02:15:43.842220+05:30
Nanded,Maharashtra,19.1383,77.3091,24.2,72,0.0,973.0,8.0,24.5,107,55.2,35.2,16.1,642.0,53.0,7.5,3,5,7,1,2026-10-04T02:15:43.842227+05:30
Gulbarga,Karnataka,17.3297,76.8343,24.8,65,0.0,962.7,8.2,28.4,96,43.2,29.3,16.8,253.0,53.0,8.7,3,5,7,1,2026-10-04T02:15:43.842234+05:30
Bidar,Karnataka,17.9104,77.5199,22.8,75,0.0,939.2,8.2,31.3,104,58.3,37.0,17.9,253.0,60.0,8.0,3,5,7,1,2026-10-04T02:15:43.842242+05:30
Hospet,Karnataka,15.2689,76.3909,24.7,68,0.0,959.4,8.15,37.4,100,50.5,38.4,11.4,388.0,92.0,17.6,3,5,7,1,2026-10-04T02:15:43.842249+05:30
Tirupur,Tamil Nadu,11.1085,77.3411,26.4,76,0.0,979.4,7.95,47.5,89,40.6,35.4,29.0,297.0,55.0,9.6,7,5,7,1,2026-10-04T02:15:43.842255+05:30
Alappuzha,Kerala,9.4981,76.3388,24.9,96,0.3,1013.0,8.4,28.4,74,27.6,22.1,14.2,320.0,66.0,6.8,6,0,4,1,2026-10-04T02:15:43.842262+05:30
Munnar,Kerala,10.0889,77.0595,16.1,95,0.0,858.9,6.8,23.0,74,20.4,18.5,15.9,231.0,26.0,2.3,3,10,7,0,2026-10-04T02:15:43.842270+05:30
Silchar,Assam,24.8333,92.7789,23.5,99,0.0,1009.6,7.5,18.0,88,29.6,26.6,11.1,303.0,68.0,9.4,3,0,4,1,2026-10-04T02:15:43.842277+05:30
Dibrugarh,Assam,27.4728,94.912,23.9,95,0.0,999.7,7.3,18.7,90,17.3,15.6,7.8,313.0,56.0,2.3,3,5,7,1,2026-10-04T02:15:43.842284+05:30
